task_id,priority,title,dependencies,primary_roles,reviewers,planned_batches,implementation_status,software_verification,physical_verification,commit_status,commit_ids,code_evidence,execution_evidence,executed_scope,planned_acceptance,remaining_acceptance,observed_platform_head,observed_platform_clean,observed_examples_head,current_change_verification,current_delivery_record
RF-ARC-01,P0,更新通用平台/外部应用 ADR 与支持声明,,TL,K1、I1,C19,implemented,code_scope_targeted_pass,not_applicable,pending,,docs/strategy/architecture-decisions.md;CMakeLists.txt;runtime/,build/runtime-refactor-native/runtime-init-results.xml;build/package-refactor-helper-evidence.json,"Common-only Runtime/Firmware, external Board/layout, explicit component/provider and source SDK contracts are implemented and authoritative architecture documents updated",平台内部无产品身份、固定业务任务和产品 layout 的新增设计；源文档与本计划一致,Final actual-source support/matrix refresh and independent documentation review; no inferred Product identity or fixed product partition,f2d2cf89f437ad69bf73a8d9eb068d600d53081f,false,1d517fe231305f4c3dc3b49fe74448aa96dee4ff,see_current_delivery_record,https://github.com/X-Gen-Lab/nexus-examples/blob/main/evidence/platform-refactor-validation.json
RF-EX-01,P0,独立 examples 仓库、固定源码 SDK revision、构建说明,RF-ARC-01,I1、R1,Q1,C01,implemented,historical_clean_baseline_pass_new_pair_pending,not_run,examples_baseline_committed,examples:7196841c1c8e6d7e9dfa1a767377ebb5d42f1b27;examples:24ef09c36ca32362749691e7524c2d7b48177690,examples:CMakeLists.txt;examples:dependencies/nexus.lock.json;examples:README.md,examples:docs/validation.md,Independent external consumer baseline at examples 24ef09c with SDK 069dcf14; fixed source dependency and public target helper,干净 checkout 能通过当前公开入口构建最小应用；准确记录平台/示例 SHA,Update SDK pin and API callers atomically; rerun clean current-source pair and record both full revisions,f2d2cf89f437ad69bf73a8d9eb068d600d53081f,false,1d517fe231305f4c3dc3b49fe74448aa96dee4ff,see_current_delivery_record,https://github.com/X-Gen-Lab/nexus-examples/blob/main/evidence/platform-refactor-validation.json
RF-BAS-01,P0,基线 configure/build/test 与缺陷重现证据,RF-EX-01,Q1、R1,B1,C01,implemented,baseline_bound,not_run,historical_baseline_and_committed_fixes,069dcf14f9cb1cd6fc4a869d87bf9827b91ce306;3129550d12fcf67a7da52dcb2713ee634bae5415,docs/implementation/platform-validation.json;tests/drivers/;tests/hal/;tests/log/;tests/shell/,docs/implementation/platform-validation.json;build/components-refactor/component-validation.json;build/package-refactor-helper-evidence.json,Historical 3129550 software matrix retained; actual IRQ/AF/Shell ownership/Log locking/static allocation defects reproduced before repair,非零测试、完整源码/配置/工具链身份；明确未执行组合和 HIL,Final clean integrated matrix must bind new source; historical counts are not new-refactor validation,f2d2cf89f437ad69bf73a8d9eb068d600d53081f,false,1d517fe231305f4c3dc3b49fe74448aa96dee4ff,see_current_delivery_record,https://github.com/X-Gen-Lab/nexus-examples/blob/main/evidence/platform-refactor-validation.json
RF-FIX-01,P0,STM32 IRQ 编号/表容量修复,RF-BAS-01,B1,K1、Q1,C02,implemented,targeted_pass_final_clean_pending,not_run,committed,4ae7e3cc453b6b00c850a8f00276132e2b0c4aeb,soc/stm32f407/interrupt/stm32_isr_manager.c;tests/drivers/test_stm32_isr_manager.c,build/rf-bsp/build/rf-bsp/junit.xml;build/rf-bsp/Testing/Temporary/LastTest.log,"Real production manager plus real CMSIS IRQ enumeration; legal high IRQ, dispatch, disconnect, illegal input regression passed",合法高 IRQ 可 connect/dispatch/disconnect；非法 IRQ 被拒,Final STM32 image/vector matrix and physical interrupt priority/preemption qualification,f2d2cf89f437ad69bf73a8d9eb068d600d53081f,false,1d517fe231305f4c3dc3b49fe74448aa96dee4ff,see_current_delivery_record,https://github.com/X-Gen-Lab/nexus-examples/blob/main/evidence/platform-refactor-validation.json
RF-FIX-02,P0,GPIO AF effective config 贯通,RF-BAS-01,B1,B2、Q1,C03,implemented,targeted_pass_final_clean_pending,not_run,committed,74b175e343b26426aff6389c78d76b3057a4cf5a,soc/stm32f407/controllers/gpio/stm32_gpio_device.c;tests/drivers/test_stm32_gpio_config.c;scripts/kconfig/generate_config.py,build/rf-bsp/build/rf-bsp/junit.xml;/tmp/nexus-effective-build-tests.log,Generated AF reaches actual GPIO initialization; AF5/7 and neutral ordinary GPIO covered,AF5/7 到实际 GPIO 初始化，默认 GPIO 行为保持且非法值拒绝,Final clean STM32 baremetal/FreeRTOS images; physical AF routing qualification,f2d2cf89f437ad69bf73a8d9eb068d600d53081f,false,1d517fe231305f4c3dc3b49fe74448aa96dee4ff,see_current_delivery_record,https://github.com/X-Gen-Lab/nexus-examples/blob/main/evidence/platform-refactor-validation.json
RF-FIX-03,P0,OSAL event mask 与操作一致,RF-BAS-01,K2,Q1,C04,implemented,targeted_pass_final_clean_pending,not_run,committed,acebc1d24fc77d5d1c1e7151acc37314c980c697,osal/adapters/native/;osal/adapters/baremetal/;osal/adapters/freertos/;tests/osal/,docs/implementation/osal-refactor-validation.json,Advertised bits align with backend operations; reserved bits reject; actual pinned FreeRTOS POSIX behavior included,所有后端广告位逐位可用，保留位失败，ISR/调度门禁不回退,Final integrated backend matrix; ARM ISR/scheduler behavior remains hardware qualification,f2d2cf89f437ad69bf73a8d9eb068d600d53081f,false,1d517fe231305f4c3dc3b49fe74448aa96dee4ff,see_current_delivery_record,https://github.com/X-Gen-Lab/nexus-examples/blob/main/evidence/platform-refactor-validation.json
RF-FIX-04,P0,Shell UART teardown 失败状态,RF-BAS-01;RF-HAL-02,I2、K1,Q1,C07,implemented,exact_committed_tree_735_scoped_pass_final_matrix_pending,not_run,committed,c5aa06d92787540bcf4d521fa5d6fa7fa7c5e5a7,framework/shell/src/shell_uart_backend.c;tests/shell/,build/components-refactor/component-validation.json;build/components-refactor/native/components-results.xml;build/refactor-commit-checks/components/snapshot.json;build/refactor-commit-checks/components/junit.xml,Production typed UART adapter retains reference and buffers on BUSY/deinit failure; retry and stale ownership tested,BUSY/清理失败不清引用，重试成功后释放，stale handle 拒绝,Final integrated Release and actual UART teardown/cancellation waveform qualification,f2d2cf89f437ad69bf73a8d9eb068d600d53081f,false,1d517fe231305f4c3dc3b49fe74448aa96dee4ff,see_current_delivery_record,https://github.com/X-Gen-Lab/nexus-examples/blob/main/evidence/platform-refactor-validation.json
RF-FIX-05,P0,Log 非阻塞 sink 与 logger lock 合同,RF-BAS-01;RF-CMP-01,K2、I2,Q1,C08,implemented,exact_committed_tree_735_scoped_pass_final_matrix_pending,not_run,committed,c5aa06d92787540bcf4d521fa5d6fa7fa7c5e5a7,framework/log/src/log.c;framework/log/src/log_backend_uart.c;tests/log/,build/components-refactor/component-validation.json;build/components-refactor/native/components-results.xml;build/refactor-commit-checks/components/snapshot.json;build/refactor-commit-checks/components/junit.xml,"Sink callbacks run outside global metadata lock; bounded queues, concurrent producers, loss, FIFO flush and shutdown ownership tested",故障/慢 sink 不持全局锁等待；有界背压、丢失和 flush 结果可观察,Final post-fix Release matrix and actual slow wire/control-load measurements,f2d2cf89f437ad69bf73a8d9eb068d600d53081f,false,1d517fe231305f4c3dc3b49fe74448aa96dee4ff,see_current_delivery_record,https://github.com/X-Gen-Lab/nexus-examples/blob/main/evidence/platform-refactor-validation.json
RF-FIX-06,P1,Log 静态模式所有 UART context 分配,RF-BAS-01;RF-CMP-01,K2,Q1,C09,implemented,exact_committed_tree_735_scoped_pass_final_matrix_pending,not_run,committed,c5aa06d92787540bcf4d521fa5d6fa7fa7c5e5a7,framework/log/src/log_backend_uart.c;framework/log/include/log/;tests/log/,build/components-refactor/component-validation.json;build/components-refactor/native/components-results.xml;build/refactor-commit-checks/components/snapshot.json;build/refactor-commit-checks/components/junit.xml,Caller-owned UART context and bounded owned slots; static/dynamic allocator-interception production tests passed,静态配置 allocator 拦截零调用；容量耗尽明确失败,"Final integrated configuration matrix; statement applies to UART adapter, not entire firmware heap",f2d2cf89f437ad69bf73a8d9eb068d600d53081f,false,1d517fe231305f4c3dc3b49fe74448aa96dee4ff,see_current_delivery_record,https://github.com/X-Gen-Lab/nexus-examples/blob/main/evidence/platform-refactor-validation.json
RF-BOOT-01,P0,Runtime bootstrap 与中性 platform info,RF-ARC-01;RF-BAS-01,K1,TL、Q1,C05,implemented,targeted_pass_final_clean_pending,not_run,committed,61530942f1618ad20140f46004350ef36b454393,runtime/src/nx_runtime.c;runtime/include/runtime/nx_runtime.h;runtime/include/runtime/nx_platform_info.h;tests/platform/runtime/,build/runtime-refactor-native/runtime-init-results.xml;build/refactor-commit-checks/runtime-board/snapshot.json;build/refactor-commit-checks/runtime-board/junit.xml,"Actual bootstrap owner, HAL/OSAL failure rollback, PARTIAL/READY state, shutdown BUSY/retry and side-effect-free metadata tests",owner/回滚/部分失败/重试、READY 语义、ISR 拒绝和查询无副作用,Final clean three-backend images; MCU complete shutdown/restart is not implemented; memory info currently main SRAM/Flash,f2d2cf89f437ad69bf73a8d9eb068d600d53081f,false,1d517fe231305f4c3dc3b49fe74448aa96dee4ff,see_current_delivery_record,https://github.com/X-Gen-Lab/nexus-examples/blob/main/evidence/platform-refactor-validation.json
RF-BOOT-02,P0,移除 Product Kconfig、身份和调用者依赖,RF-BOOT-01;RF-EX-01,R1、I1,K1,C05,implemented,targeted_pass_final_clean_pending,not_run,committed,61530942f1618ad20140f46004350ef36b454393,Kconfig;CMakeLists.txt;cmake/Kconfig.firmware;runtime/CMakeLists.txt;scripts/kconfig/test_external_consumer.py,build/runtime-refactor-native/runtime-init-results.xml;/tmp/nexus-effective-build-tests.log;build/refactor-commit-checks/runtime-board/snapshot.json;build/refactor-commit-checks/runtime-board/junit.xml,Product directory/identity and mandatory application choice removed; in-tree business sources migrated externally; neutral Runtime/Firmware plus generic stack/libc heap options,Board/backend 单一选择，外部 main 使用中性 API；平台不强制业务 application choice；通用固件预算保留,"Final external callers, fixed SDK pin pair and clean common-only platform commit validation",f2d2cf89f437ad69bf73a8d9eb068d600d53081f,false,1d517fe231305f4c3dc3b49fe74448aa96dee4ff,see_current_delivery_record,https://github.com/X-Gen-Lab/nexus-examples/blob/main/evidence/platform-refactor-validation.json
RF-BOOT-03,P1,收敛 legacy startup/main wrapper,RF-BOOT-02,K2、I1,Q1,C05,implemented,targeted_pass_final_clean_pending,not_run,committed,61530942f1618ad20140f46004350ef36b454393,framework/init/;runtime/;tests/init/;tests/platform/runtime/,build/runtime-refactor-native/runtime-init-results.xml;build/refactor-commit-checks/runtime-board/snapshot.json;build/refactor-commit-checks/runtime-board/junit.xml,Legacy automatic main/startup wrappers removed; explicit bootstrap and init failure contracts tested,init/worker 创建失败不进入业务；调度前后规则明确；无主入口递归,Final images and examples startup behavior; RTOS hot restart remains outside implemented contract,f2d2cf89f437ad69bf73a8d9eb068d600d53081f,false,1d517fe231305f4c3dc3b49fe74448aa96dee4ff,see_current_delivery_record,https://github.com/X-Gen-Lab/nexus-examples/blob/main/evidence/platform-refactor-validation.json
RF-HAL-01,P0,HAL core/facade/provider/runtime 目标拆分,RF-ARC-01;RF-BAS-01,K1,B1、R1,C06,implemented,targeted_pass_final_clean_pending,not_run,committed,19561840282cf5e583262858c9bf279e389fe8bc,hal/CMakeLists.txt;hal/include/hal/base/nx_device.h;hal/include/hal/provider/nx_device_provider.h;tests/hal/typed_devices/test_minimal_hal.c,build/hal-refactor-check/hal-refactor-results.xml,Core/facade/provider/support/runtime targets split; opaque ordinary consumer references and minimal GPIO link without OSAL verified,core 不含 vendor/Board/framework；只选所需 facade；错误与租约回归,"Final full source integration, sanitizer and private SDK include boundary matrix",f2d2cf89f437ad69bf73a8d9eb068d600d53081f,false,1d517fe231305f4c3dc3b49fe74448aa96dee4ff,see_current_delivery_record,https://github.com/X-Gen-Lab/nexus-examples/blob/main/evidence/platform-refactor-validation.json
RF-HAL-02,P0,生产 Log/Shell 等调用者迁移 typed ownership,RF-HAL-01;RF-BOOT-01,K1、I2,B1、Q1,C06;C07;C08,implemented,targeted_pass_final_clean_pending,not_run,committed,19561840282cf5e583262858c9bf279e389fe8bc;c5aa06d92787540bcf4d521fa5d6fa7fa7c5e5a7;61530942f1618ad20140f46004350ef36b454393,hal/src/nx_device.c;framework/log/src/log_backend_uart.c;framework/shell/src/shell_uart_backend.c;runtime/,build/hal-refactor-check/hal-refactor-results.xml;build/components-refactor/native/components-results.xml,Discovery avoids init; typed owner/generation controls close/cancel; Log/Shell production adapters migrated,discovery 不 init；close/cancel 不绕过 owner；legacy 暴露面收缩,Final integrated callers and physical transfer settlement; explicit legacy provider entry is not ordinary typed public API,f2d2cf89f437ad69bf73a8d9eb068d600d53081f,false,1d517fe231305f4c3dc3b49fe74448aa96dee4ff,see_current_delivery_record,https://github.com/X-Gen-Lab/nexus-examples/blob/main/evidence/platform-refactor-validation.json
RF-HAL-03,P1,typed I2C 与明确 device capability,RF-HAL-01,K1、B2,Q1,C14,partial,native_provider_pass_mcu_unsupported,not_run,committed,19561840282cf5e583262858c9bf279e389fe8bc,hal/src/nx_device_i2c.c;soc/native/controllers/i2c/;platforms/stm32/CMakeLists.txt;tests/hal/typed_devices/test_native_i2c.cpp,build/hal-refactor-check/hal-refactor-results.xml,"Typed parent/child lifecycle, pool/generation, address, queue/deadline, callback/cancel/recover and 11 Native provider checks implemented",双设备/地址、deadline、取消、复用、unsupported、两 MCU 真实构建,STM32/GD32 modern hardware I2C providers not implemented; unsupported paths stay explicit; no MCU I2C qualification claim,f2d2cf89f437ad69bf73a8d9eb068d600d53081f,false,1d517fe231305f4c3dc3b49fe74448aa96dee4ff,see_current_delivery_record,https://github.com/X-Gen-Lab/nexus-examples/blob/main/evidence/platform-refactor-validation.json
RF-HAL-04,P1,有界 runtime deadline/完成派发 adapter,RF-HAL-02;RF-OS-01,K2,Q1,C14,implemented,deadline_and_bounded_dispatch_targeted_pass_final_clean_pending,not_run,committed,19561840282cf5e583262858c9bf279e389fe8bc;7af16f943b847f5a2d3044b1c4417c98558a417d,hal/src/nx_deadline.c;hal/src/nx_deadline_osal.c;tests/hal/;hal/runtime/nx_completion.c;hal/include/hal/runtime/nx_completion.h,build/hal-refactor-check/hal-refactor-results.xml;build/completion-refactor-native/completion-results.xml;/tmp/nexus-completion-arm-build.log,"Finite UART deadline/wait plus caller-owned bounded general Completion adapter: 18 actual Native CTest (17 production cases + 1 Completion/Arch-only link), 0 skip; real STM32 Release archive compile; 32 finite rounds/128 racing producer tickets, FULL retry/ring wrap, callback new ticket, stale/duplicate/cancel/exhaustion/lifecycle tested",排队+锁+操作共用 budget；调用者拥有 worker；取消只交付一次终态,"Final clean integrated matrix and actual ARM image/HIL. Adapter does not automatically wire device callbacks, prove provider settlement, create workers or support NMI/HardFault/SMP",f2d2cf89f437ad69bf73a8d9eb068d600d53081f,false,1d517fe231305f4c3dc3b49fe74448aa96dee4ff,see_current_delivery_record,https://github.com/X-Gen-Lab/nexus-examples/blob/main/evidence/platform-refactor-validation.json
RF-HAL-05,P1,零 ticket provider 违约隔离/恢复,RF-HAL-01,K1,Q1,C14,implemented,targeted_pass_final_clean_pending,not_run,committed,19561840282cf5e583262858c9bf279e389fe8bc,hal/src/nx_device_uart.c;hal/src/nx_device.c;tests/hal/typed_devices/test_device.cpp,build/hal-refactor-check/hal-refactor-results.xml,"Zero success ticket enters recovery-required unknown lease; buffers retained until proven hardware recovery, old refs invalidated",不释放活跃 buffer，故障可诊断且存在明确可达结清/恢复路径,Final clean integrated zero-ticket/fault matrix; real peripheral recovery behavior requires HIL,f2d2cf89f437ad69bf73a8d9eb068d600d53081f,false,1d517fe231305f4c3dc3b49fe74448aa96dee4ff,see_current_delivery_record,https://github.com/X-Gen-Lab/nexus-examples/blob/main/evidence/platform-refactor-validation.json
RF-OS-01,P0,backend capability、启动/ISR/删除契约统一,RF-FIX-03,K2,B1、Q1,C04;C14,implemented,targeted_pass_final_clean_pending,not_run,committed,acebc1d24fc77d5d1c1e7151acc37314c980c697,osal/;tests/osal/;tests/integration/,docs/implementation/osal-refactor-validation.json,"Capability/startup/ISR/delete contracts checked on Native, baremetal and pinned FreeRTOS POSIX; three actual ARM adapter compiles",启动前 FromISR 被拒；真实 kernel 删除/等待/时钟回绕符合查询,"Final integrated matrix; ARM port scheduling, IRQ and timing not physically executed",f2d2cf89f437ad69bf73a8d9eb068d600d53081f,false,1d517fe231305f4c3dc3b49fe74448aa96dee4ff,see_current_delivery_record,https://github.com/X-Gen-Lab/nexus-examples/blob/main/evidence/platform-refactor-validation.json
RF-OS-02,P1,静态资源与累计 token 预算诊断,RF-OS-01,K2,Q1、R1,C14;C17,implemented,targeted_pass_final_clean_pending,not_run,committed,acebc1d24fc77d5d1c1e7151acc37314c980c697,osal/;tests/osal/;tests/osal/freertos_runtime/,docs/implementation/osal-refactor-validation.json,"Finite lifetime token limit six compiled into production variants; slot reuse, stale token rejection, cumulative exhaustion and reserved-slot diagnostics tested",slot 重复创建/删除可复用；旧 token 不重定向；耗尽明确失败；报告完整预算,Final target budgets and long-duration workload/high-water measurements; test exhaustion is not sustained physical load,f2d2cf89f437ad69bf73a8d9eb068d600d53081f,false,1d517fe231305f4c3dc3b49fe74448aa96dee4ff,see_current_delivery_record,https://github.com/X-Gen-Lab/nexus-examples/blob/main/evidence/platform-refactor-validation.json
RF-BRD-01,P0,Board 窄资源接口与 manifest 约束,RF-ARC-01;RF-FIX-01;RF-FIX-02,B1、B2,K1,C10,implemented,reviewed_routes_pass_final_clean_pending,not_run,committed,f12266892a364ee39f7cf580b47a08961084fabd;61530942f1618ad20140f46004350ef36b454393,boards/;cmake/modules/NexusBoard.cmake;scripts/configure/board_package.py;tests/drivers/test_stm32_chip_config.py,/tmp/nexus-board-layout-tests.log;/tmp/nexus-effective-build-tests.log;build/rf-hil-artifact-admission.json;build/refactor-commit-checks/runtime-board/snapshot.json;build/refactor-commit-checks/runtime-board/junit.xml,"Manifest binds Board inputs/physical density/HSE, enabled GPIO/controller pins, AF, IRQ priority and selected SPI DMA route; mutable instance hidden",controller/引脚/AF/clock/IRQ/DMA 绑定可校验，应用不能访问内部 instance,"Validator covers reviewed UART/SPI/GPIO routes only, not every peripheral or automatic topology solver; final images and actual PCB identity pending",f2d2cf89f437ad69bf73a8d9eb068d600d53081f,false,1d517fe231305f4c3dc3b49fe74448aa96dee4ff,see_current_delivery_record,https://github.com/X-Gen-Lab/nexus-examples/blob/main/evidence/platform-refactor-validation.json
RF-BRD-02,P1,单一路径外部 Board 扩展,RF-BRD-01;RF-BOOT-02,B2、R1,I1、Q1,C10,implemented,external_consumer_pass_final_clean_pending,not_run,committed,61530942f1618ad20140f46004350ef36b454393,cmake/modules/NexusBoard.cmake;scripts/configure/board_package.py;scripts/kconfig/test_external_consumer.py,/tmp/nexus external ARM/build/nexus-owned/generated/board-identity.json;build/external-arm-layout-check.json;build/refactor-commit-checks/runtime-board/snapshot.json;build/refactor-commit-checks/runtime-board/junit.xml,Single NEXUS_BOARD_DIR source with contained declared inputs; actual external Board path with spaces configured and ARM image linked,外部 fixture 构建/运行；路径与配置隔离；冲突/缺失明确拒绝,Final clean Native/external and all supported MCU combinations; reviewed SoC/controller implementation must exist before new binding,f2d2cf89f437ad69bf73a8d9eb068d600d53081f,false,1d517fe231305f4c3dc3b49fe74448aa96dee4ff,see_current_delivery_record,https://github.com/X-Gen-Lab/nexus-examples/blob/main/evidence/platform-refactor-validation.json
RF-SDK-01,P0,SDK/工具链固定与私有 compile interface,RF-BAS-01;RF-BRD-01,R1、B1、B2,Q1,C10;C16,implemented,real_arm_compile_and_selected_link_pass,not_run,committed,61530942f1618ad20140f46004350ef36b454393;f2d2cf89f437ad69bf73a8d9eb068d600d53081f,dependencies/toolchains.lock.json;dependencies/;cmake/toolchains/arm-gcc.cmake;platforms/stm32/CMakeLists.txt;platforms/gd32f470/CMakeLists.txt,build/hal-refactor-stm32/real-provider-build.log;build/hal-refactor-gd32/real-provider-build.log;build/package-refactor-helper-evidence.json,Fixed real vendor SDK and ARM GNU 14.3.rel1; controller/SoC production compilations and selected linked startup images verified,真实 ARM 编译链接，漂移/缺文件拒绝；public header 无 vendor 类型,Final clean eight ARM combinations and public header compile boundaries; compilers/archives alone are not physical validation,f2d2cf89f437ad69bf73a8d9eb068d600d53081f,false,1d517fe231305f4c3dc3b49fe74448aa96dee4ff,see_current_delivery_record,https://github.com/X-Gen-Lab/nexus-examples/blob/main/evidence/platform-refactor-validation.json
RF-FLS-01,P0,全物理 Flash geometry 与类型化 region,RF-HAL-01;RF-SDK-01,B1、B2,K1、Q1,C11,implemented,geometry_and_region_model_pass,not_run,committed,61530942f1618ad20140f46004350ef36b454393,soc/stm32f407/flash.c;soc/gd32f470/flash.c;hal/src/nx_device_flash.c;tests/drivers/test_stm32_flash_geometry.c;tests/hal/typed_devices/test_flash.cpp,build/rf-bsp/build/rf-bsp/junit.xml;build/hal-refactor-check/hal-refactor-results.xml;build/refactor-commit-checks/runtime-board/snapshot.json;build/refactor-commit-checks/runtime-board/junit.xml,Full physical STM 8/12 sector and GD 256 four-KiB page geometry; typed permission/owner/generation/offset/overflow checks,非均匀 STM sector、GD 4 KiB page、实际密度、边界/溢出/错误验证,Final image matrix and actual erase/program/power behavior; region policy remains caller-owned,f2d2cf89f437ad69bf73a8d9eb068d600d53081f,false,1d517fe231305f4c3dc3b49fe74448aa96dee4ff,see_current_delivery_record,https://github.com/X-Gen-Lab/nexus-examples/blob/main/evidence/platform-refactor-validation.json
RF-FLS-02,P0,外部 layout→linker/region 单输入,RF-FLS-01;RF-BRD-02,R1、I1,B1、Q1,C12,implemented,actual_external_layout_elf_pass,not_run,committed,61530942f1618ad20140f46004350ef36b454393,scripts/configure/board_package.py;cmake/modules/NexusBoard.cmake;soc/gd32f470/linker/gd32f470_sections.ld;scripts/ci/validate_firmware_elf.py,/tmp/nexus-board-layout-tests.log;build/external-arm-layout-check.json;build/package-refactor-helper-evidence.json;build/refactor-commit-checks/runtime-board/snapshot.json;build/refactor-commit-checks/runtime-board/junit.xml,One layout parse emits linker and region header; block/overlap/outside/image checks; actual ELF binds eight-word layout and Board SHA,重叠/跨 block/镜像占保留区拒绝；layout identity 绑定 ELF,Image offset is restricted to physical Flash base; no bootloader/A-B relocation or vector relocation support; final clean matrix pending,f2d2cf89f437ad69bf73a8d9eb068d600d53081f,false,1d517fe231305f4c3dc3b49fe74448aa96dee4ff,see_current_delivery_record,https://github.com/X-Gen-Lab/nexus-examples/blob/main/evidence/platform-refactor-validation.json
RF-FLS-03,P1,storage adapter 与掉电故障验证,RF-FLS-02;RF-CMP-01,K1、B2,Q2,C11;C12;C17,implemented,typed_adapter_and_power_loss_model_pass,not_run,committed,4742069ac81c2c61cea2c4b5932591eae3a96605,services/storage/adapters/hal_flash.c;services/storage/include/nexus/hal_flash_storage.h;tests/storage_security/test_hal_flash_storage.c,build/hal-storage-adapter-check/storage-hal-results.xml;build/hal-storage-adapter-check/storage-hal-scenarios.log;build/hal-storage-adapter-check/all-typed-results.xml,"Production StorageCore to StorageHAL to typedFlash passed 8 scenarios and 563 bytewise program/erase/sync fault boundaries; 14 scoped CTests and 65 typed model CTests, no skip; actual two ARM adapter builds passed",原/新完整状态恢复；无跨 region 擦除；维护窗口与物理掉电分开报告,"Final clean integration matrix; physical power cut, flash timing and maintenance window not run",f2d2cf89f437ad69bf73a8d9eb068d600d53081f,false,1d517fe231305f4c3dc3b49fe74448aa96dee4ff,see_current_delivery_record,https://github.com/X-Gen-Lab/nexus-examples/blob/main/evidence/platform-refactor-validation.json
RF-CMP-01,P0,Log/Shell core、adapter、test fake 拆分,RF-ARC-01;RF-HAL-01,K2、I2,Q1、R1,C08;C09;C13,implemented,exact_committed_tree_735_scoped_pass_final_matrix_pending,not_run,committed,c5aa06d92787540bcf4d521fa5d6fa7fa7c5e5a7,framework/log/CMakeLists.txt;framework/log/src/log_format.c;framework/shell/CMakeLists.txt;tests/shell/fixtures/,build/components-refactor/component-validation.json;build/components-refactor/native/components-results.xml;build/refactor-commit-checks/components/snapshot.json;build/refactor-commit-checks/components/junit.xml,Log pure formatter core/OSAL runtime/UART adapter and Shell core/UART adapter separated; mock is test-only; ownership checks passed,core 最小依赖构建；fake 不进入生产；context/worker 生命周期明确,"Final post-ABI-fix component ELF matrix; Shell still singleton/dynamic, not fully static multi-session framework",f2d2cf89f437ad69bf73a8d9eb068d600d53081f,false,1d517fe231305f4c3dc3b49fe74448aa96dee4ff,see_current_delivery_record,https://github.com/X-Gen-Lab/nexus-examples/blob/main/evidence/platform-refactor-validation.json
RF-CMP-02,P1,Config/Storage/协议窄端口与外部装配,RF-CMP-01;RF-FLS-02,I1、I2,K1、Q1,C13,implemented,selected_components_and_typed_adapter_pass_final_clean_pending,not_run,committed,c5aa06d92787540bcf4d521fa5d6fa7fa7c5e5a7;4742069ac81c2c61cea2c4b5932591eae3a96605,framework/config/CMakeLists.txt;services/storage/CMakeLists.txt;services/protocols/;examples:apps/config_roundtrip/,build/security-refactor/native/security-results.xml;build/security-refactor/native/integration-results.xml;build/refactor-commit-checks/components/junit.xml;build/hal-storage-adapter-check/storage-hal-results.xml,Config core/RAM/Flash adapters separated; generic storage/protocol ports avoid default product region/command list; selected persistence/integration behavior passed,无默认产品分区/命令表；组件可独立选择；回调及错误流可验证,Final clean full external component assembly matrix and actual product wire adapters/electrical qualification; no default product partition or private policy is inferred,f2d2cf89f437ad69bf73a8d9eb068d600d53081f,false,1d517fe231305f4c3dc3b49fe74448aa96dee4ff,see_current_delivery_record,https://github.com/X-Gen-Lab/nexus-examples/blob/main/evidence/platform-refactor-validation.json
RF-CMP-03,P1,Security/Update 明确 provider 与 policy 边界,RF-CMP-02,K1、I2,TL、Q1,C13,implemented,exact_committed_tree_735_scoped_pass_final_matrix_pending,not_run,committed,c5aa06d92787540bcf4d521fa5d6fa7fa7c5e5a7,services/security/CMakeLists.txt;services/security/src/crypto.c;services/security/Kconfig;services/update/;framework/config/,build/security-refactor/provider-validation.json;build/security-refactor/native/security-results.xml;build/security-refactor/native/integration-results.xml;build/refactor-commit-checks/components/snapshot.json;build/refactor-commit-checks/components/junit.xml,Security core default provider NULL; explicit OpenSSL target/binding; unconfigured core-only returns unsupported; Update narrow trust/install/state ports,无 MCU provider 时明确不支持；无内置产品信任/健康/回滚政策,"MCU crypto, entropy/vault, secure counters, bootloader/install/health policy and security assurance are not delivered by these software tests",f2d2cf89f437ad69bf73a8d9eb068d600d53081f,false,1d517fe231305f4c3dc3b49fe74448aa96dee4ff,see_current_delivery_record,https://github.com/X-Gen-Lab/nexus-examples/blob/main/evidence/platform-refactor-validation.json
RF-BLD-01,P0,简洁目标图、`Nexus::Firmware` 装配与统一跨平台入口,RF-BOOT-02;RF-HAL-01,R1,B1、I1,C05;C10;C16,implemented,selected_real_firmware_link_pass,not_run,committed,61530942f1618ad20140f46004350ef36b454393,CMakeLists.txt;runtime/CMakeLists.txt;cmake/modules/NexusApplications.cmake;scripts/nexus.py;scripts/building/;scripts/setup/,build/package-refactor-helper-evidence.json;/tmp/nexus-contract-arm-build.log;/tmp/nexus-board-layout-tests.log;build/refactor-commit-checks/runtime-board/snapshot.json;build/refactor-commit-checks/runtime-board/junit.xml,Firmware explicitly assembles startup/platform objects/runtime; common wrapper delegates presets; actual Cortex contract image preserves metadata/vector/IRQ,OBJECT/startup/强 IRQ/注册段实际保留；旧 PowerShell/quickstart 等入口收敛或移除；wrapper 参数/退出码一致,Final complete image matrix and wrapper checks; Windows/macOS wrappers edited but not executed in this Linux session,f2d2cf89f437ad69bf73a8d9eb068d600d53081f,false,1d517fe231305f4c3dc3b49fe74448aa96dee4ff,see_current_delivery_record,https://github.com/X-Gen-Lab/nexus-examples/blob/main/evidence/platform-refactor-validation.json
RF-BLD-02,P0,外部应用 helper 与 artifact 资源配置,RF-BLD-01;RF-FLS-02,R1、I1,Q1,C05;C12;C16,implemented,external_c_cpp_selected_arm_pass,not_run,committed,61530942f1618ad20140f46004350ef36b454393,cmake/modules/NexusApplications.cmake;cmake/Kconfig.firmware;scripts/kconfig/test_external_consumer.py;tests/firmware/,/tmp/nexus-effective-build-tests.log;build/external-arm-layout-check.json;/tmp/nexus-contract-arm-build.log;build/refactor-commit-checks/runtime-board/snapshot.json;build/refactor-commit-checks/runtime-board/junit.xml,Parent C/C++ target output isolation and explicit app helper; main stack/libc heap/task budget separation; selected true ARM images linked,C/C++ 父工程、独立输出、MSP/heap/task 预算分离、8 ARM 组合,Final clean eight ARM Release combinations and external app matrix; archived component builds cannot replace firmware linkage,f2d2cf89f437ad69bf73a8d9eb068d600d53081f,false,1d517fe231305f4c3dc3b49fe74448aa96dee4ff,see_current_delivery_record,https://github.com/X-Gen-Lab/nexus-examples/blob/main/evidence/platform-refactor-validation.json
RF-EX-02,P0,最小 GPIO/UART/SPI/组件示例迁出平台,RF-BOOT-02;RF-BLD-02;RF-CMP-01,I1、I2,Q1,C15,implemented,migrated_apps_and_spi_selected_pass_final_pair_pending,not_run,examples_baseline_committed_new_pin_pending,examples:2a7b555;examples:24ef09c36ca32362749691e7524c2d7b48177690,examples:apps/;examples:CMakeLists.txt;tests/firmware/,examples:docs/validation.md;examples:build/component-check/native/component-results.xml;examples:build/component-check/component-validation.json;examples:build/component-check/native/spi-results.xml;examples:build/spi-check/spi-validation.json;examples:build/spi-check/discovery-baremetal/firmware-static-contract.json;examples:build/spi-check/discovery-freertos/firmware-static-contract.json,"Eight applications moved into independent examples repo, including minimal SPI; Native SPI finite run and two Discovery baremetal/FreeRTOS ELF links completed; all in-tree business applications/examples removed; external Shell/Config two Native checks and Qiming/GD32 four component ELF checks also passed with explicit development SDK override, not final pin",仅公开 target/header；Nexus 自身独立契约测试不依赖 examples 源码,"Current API callers, updated fixed SDK pin/lock, clean external commit and complete source-pair/Native/eight-MCU matrix evidence pending",f2d2cf89f437ad69bf73a8d9eb068d600d53081f,false,1d517fe231305f4c3dc3b49fe74448aa96dee4ff,see_current_delivery_record,https://github.com/X-Gen-Lab/nexus-examples/blob/main/evidence/platform-refactor-validation.json
RF-CI-01,P0,当前平台验证入口收敛与多仓契约 CI,RF-EX-02;RF-SDK-01,R1、Q1,TL,C16,implemented,helpers_pass_final_pair_matrix_pending,not_run,committed,629cc5a2307743ec9cf82fc8898eb4f263fa59c6,scripts/ci/ci_build.py;scripts/ci/validate_firmware_elf.py;scripts/validation/junit.py;scripts/validation/validate.py;.github/workflows/;examples:.github/workflows/,build/package-refactor-helper-evidence.json;build/script-validation-checks/results.json;build/platform-workflow-evidence.json,"Latest six Python gate suites executed 281 cases, 0 failures/errors/skips: workflow8 + configure18 + kconfig37 + validation25 + HIL23 + CI170 (package83 included). Real actual Qiming ARM artifact branch and source/Board/layout checks, no online Actions or physical execution",复用 preset/CTest/ELF/helper 门禁；治理历史入口零测试/空或旧报告/非零退出码假通过；固定 SHA pair 与真实枚举,"Final clean source/artifact pair and actual Native fresh JUnit/package branch, GCC/Clang/sanitizer/analysis/eight ARM and fixed SHA-pair online required jobs",f2d2cf89f437ad69bf73a8d9eb068d600d53081f,false,1d517fe231305f4c3dc3b49fe74448aa96dee4ff,see_current_delivery_record,https://github.com/X-Gen-Lab/nexus-examples/blob/main/evidence/platform-refactor-validation.json
RF-HIL-01,P0,三首发板 fixture 与板卡租约,RF-BRD-01;RF-SDK-01,Q2、B1、B2,Q1,C17,tooling_ready,models_and_real_static_admission_pass,not_run,committed,93ff0cbc21b1f96e551b81ce0fe63d1b51ba0def,scripts/hil/board_fixture.py;scripts/hil/run_hil.py;scripts/hil/serial_echo.py;scripts/hil/fixtures/;tests/hil/,build/rf-hil-artifact-admission.json;docs/implementation/hil-readiness.md,"Four Board fixtures/schema, board/probe/tty leases and explicit execute gate; actual current contract ELF/BIN admission plus six tamper rejections; 23+20 model checks",实物身份、刷写读回、复位、串口、供电/探针，证据绑定镜像,Physical station/probe/serial/power inputs not bound; no flash/readback/reset/serial/probe command executed; user deferred physical boards,f2d2cf89f437ad69bf73a8d9eb068d600d53081f,false,1d517fe231305f4c3dc3b49fe74448aa96dee4ff,see_current_delivery_record,https://github.com/X-Gen-Lab/nexus-examples/blob/main/evidence/platform-refactor-validation.json
RF-HIL-02,P0,IRQ/AF/UART wire/SPI/DMA/Flash 实板资格,RF-HIL-01;RF-FIX-01;RF-FIX-02;RF-FLS-03,Q2、B1、B2,Q1,C17,planned,software_fault_models_only,not_run,not_committed_as_qualification,,scripts/hil/fixtures/;tests/drivers/;tests/storage_security/,docs/implementation/hil-readiness.md;build/rf-hil-artifact-admission.json,UART echo transport runner and admission tooling exist; fixture lists pending electrical tests; models do not qualify boards,抢占/优先级、引脚复用、TC/取消、CS 波形、掉电恢复真实测量,No actual IRQ/AF/UART TC/SPI/DMA/Flash power-cut measurements; full workload runners for IRQ/DMA/power loss are not implemented,f2d2cf89f437ad69bf73a8d9eb068d600d53081f,false,1d517fe231305f4c3dc3b49fe74448aa96dee4ff,see_current_delivery_record,https://github.com/X-Gen-Lab/nexus-examples/blob/main/evidence/platform-refactor-validation.json
RF-HIL-03,P1,最坏负载、资源和长期生命周期,RF-HIL-02;RF-OS-02;RF-FIX-05,Q1、Q2,K2、TL,C17,planned,finite_budget_models_only,not_run,not_committed_as_qualification,,scripts/hil/fixtures/;osal/;framework/log/,docs/implementation/hil-readiness.md;docs/implementation/osal-refactor-validation.json,Finite resource exhaustion and host concurrency checks exist; fixture budgets are deliberately null pending actual workload design,冻结测试 workload/预算，记录 jitter/高水位/丢失/恢复；真实长时间循环,No frozen worst-case workload/budget or full long-load runner; no measured jitter/high-water/loss/recovery/long-duration hardware cycles,f2d2cf89f437ad69bf73a8d9eb068d600d53081f,false,1d517fe231305f4c3dc3b49fe74448aa96dee4ff,see_current_delivery_record,https://github.com/X-Gen-Lab/nexus-examples/blob/main/evidence/platform-refactor-validation.json
RF-SDK-02,P2,可重定位 install/export package,RF-BLD-02;RF-CI-01,R1,I1、Q1,C18,implemented,relocated_source_fixture_pass_clean_package_pending,not_run,committed,2dc54c351921fb72f7e98eba75901a0170fd832d,cmake/modules/NexusSDK.cmake;cmake/package/package_source_sdk.py;cmake/package/NexusConfig.cmake.in;cmake/package/test_source_sdk.py,/tmp/nexus-source-sdk-tests-final.log;/tmp/nexus-source-sdk-path-test.log,Actual relocated 116-MiB source snapshot verifies 5329+ files and export hashes; two Native C/C++ consumers run and two STM C/C++ startup images link/check; 12+1 checks no skip,离开源码树 clean consumer 构建；对象/linker/配置/ABI 身份完整,Default strict publishable clean package and consume await final source commit; development fixture stays publishable=false; no installed binary SDK/ABI promise,f2d2cf89f437ad69bf73a8d9eb068d600d53081f,false,1d517fe231305f4c3dc3b49fe74448aa96dee4ff,see_current_delivery_record,https://github.com/X-Gen-Lab/nexus-examples/blob/main/evidence/platform-refactor-validation.json
RF-REL-01,P1,平台候选与双仓示例证据包,RF-CI-01;RF-HIL-02,R1、Q1,TL,C19,partial,release_helpers_and_actual_arm_input_pass,not_run,pending,,scripts/ci/package_release.py;scripts/evidence/;examples:dependencies/nexus.lock.json,build/package-refactor-helper-evidence.json;docs/implementation/release-workflow.md,Package reproduces Board/layout bundle and verifies bound actual ELF/BIN/source/dep/config identity; same-artifact gate tooling implemented,同工件摘要、源码/依赖/配置身份、许可范围、已执行/未执行矩阵,"Clean final source pair, current Native/ARM full evidence, license/review and formal candidate not created; HIL dependency not passed; no release promotion",f2d2cf89f437ad69bf73a8d9eb068d600d53081f,false,1d517fe231305f4c3dc3b49fe74448aa96dee4ff,see_current_delivery_record,https://github.com/X-Gen-Lab/nexus-examples/blob/main/evidence/platform-refactor-validation.json
RF-REL-02,P1,版本与持续维护合同,RF-REL-01;RF-HIL-03,TL、R1,K1、B1,C19,documentation_in_progress,role_metadata_only_not_operational_support,not_run,pending,,.github/maintainer-roles.json;docs/strategy/enterprise-workflow.md;docs/strategy/roadmap.md,docs/implementation/enterprise-delivery.md,Ten-seat role model and review/release contract documentation exist; generic source SDK compatibility is scoped explicitly,公开变更记录、源码 SDK 兼容范围、补丁 reviewer/回归责任；不自动承诺 LTS,"Actual members/reviewers/branch rules, support window/regression funding and sustained physical/field evidence not established; no LTS commitment",f2d2cf89f437ad69bf73a8d9eb068d600d53081f,false,1d517fe231305f4c3dc3b49fe74448aa96dee4ff,see_current_delivery_record,https://github.com/X-Gen-Lab/nexus-examples/blob/main/evidence/platform-refactor-validation.json
