id,priority,phase,area,deliverable,acceptance,depends_on,owner_role,status
BAS-001,P0,M1,构建,修复预设引用和目标继承顺序,所有工作流矩阵预设可解析且目标配置路径明确,,构建发布,本地静态验证完成
BAS-002,P0,M1,配置,独立构建目录中的唯一有效配置,头文件和CMake和链接布局来源一致且非法配置阻断,BAS-001,构建发布,待实施
BAS-003,P0,M1,配置,移除旧缓存和生成失败假成功,切换目标和失败生成不会保留旧CONFIG变量或旧头文件,BAS-002,构建发布,待实施
BAS-004,P0,M1,构建,修复平台CMake模块和函数引用漂移,Native和GD32不引用缺失NexusLinkerConfig及旧apply函数,BAS-001,构建发布,已核查源码待修
CI-001,P0,M1,门禁,聚合CI结果与合法跳过策略,required任务仅success通过并拒绝取消缺失和异常跳过,,构建发布,本地单元验证完成
CI-002,P0,M1,门禁,工具执行与扫描结果的真实判定,关键检查不能通过continue-on-error或吞失败绕过,CI-001,质量验证,待实施
REL-001,P0,M1,发布,构建测试打包完成后创建候选,零测试空包错误配置和漂移依赖拒绝且仅创建draft,CI-001,构建发布,本地候选修复
DOC-001,P0,M1,文档,源码一致的支持矩阵与可执行示例,示例编译且每项能力有状态和证据,BAS-002,技术负责人,待实施
HAL-001,P0,M1,公共契约,生命周期ISR超时缓冲所有权契约,每个核心接口具有上下文与失败状态且有验收映射,,内核接口,方案完成待实现
HAL-002,P0,M1,并发,架构临界区和Native嵌套线程安全,按CPU端口选择且并发原子与嵌套无死锁,HAL-001,内核接口,已复现编译阻塞待修
HAL-003,P0,M1,STM32SPI,修复OSAL和生命周期接口漂移,USE_OSAL开关组合编译并通过基本收发,HAL-001,STM32BSP,待实施
HAL-004,P0,M2,SPI总线,总线设备事务对象分离,两个slave并发不会覆盖配置且callback用户上下文正确,HAL-003,内核接口,待实施
HAL-005,P0,M2,DMA,超时取消错误与缓冲回收,返回后DMA不再访问释放缓冲且终态只回调一次,HAL-004,STM32BSP,待实施
OS-001,P0,M2,OSAL,跨后端等待和ISR契约,非零超时舍入tick回绕锁等待和ISR优先级行为一致,HAL-001,内核接口,待实施
OS-002,P1,M2,OSAL,对象销毁取消与句柄世代,等待销毁和复用不产生死锁或过期句柄访问,OS-001,内核接口,待实施
MEM-001,P1,M2,资源,分配溢出和控制域静态预算,队列乘法极值拒绝且map栈池预算可验证,HAL-001,内核接口,待实施
BSP-001,P0,M1,参考板,选择STM32及GD32具体系列和board,芯片容量SDK许可供货调试与工业接口满足预算,,技术负责人,待选板
BSP-002,P0,M2,STM32,启动时钟GPIOUARTSPItimer链路,板卡可自动刷写识别复位并跑契约,BSP-001;HAL-003,STM32BSP,待实施
BSP-003,P1,M2,GD32,启动时钟IRQGPIOUART最小移植,独立验证时钟中断SDK和寄存器差异且应用无需厂商类型,BSP-001;HAL-001,GD32BSP,待实施
BSP-004,P1,M3-M4,GD32,SPIDMAtimerFlash与参考应用复用,同契约通过且两板运行相同业务用例,BSP-003;HAL-005;OS-001,GD32BSP,待实施
HIL-001,P0,M1-M2,验证设施,板卡池识别刷写复位串口与报告,设备租约唯一且镜像boardrevision和报告关联,BSP-001,质量验证,待实施
HIL-002,P0,M2-M3,实时验证,最坏负载控制周期与资源测量,通信日志Flash压力下满足产品deadline和资源预算,HIL-001;BSP-002,质量验证,待定义预算
HIL-003,P0,M3,故障恢复,断电总线故障watchdog和DMA故障注入,每个不变量通过且失败seed波形和镜像可复现,HIL-001;HAL-005;CFG-001,质量验证,待实施
CFG-001,P0,M2-M3,持久化,真实Flash后端与记录提交恢复,任意program和erase中断后恢复完整旧值或新值,BSP-002;HAL-001,内核接口,待实施
CFG-002,P0,M1-M3,配置安全,未完成轮换显式失败并设计迁移,不能返回假成功且迁移旧值可读与断电恢复验证,HAL-001,内核接口,待实施
APP-001,P0,M2-M3,工业应用,采集控制通信参数和恢复参考应用,产品需求到测试映射并在首板受控试点,BSP-002;OS-001;CFG-001,工业应用,待定义产品
COM-001,P1,M2-M3,工业通信,RS485Modbus有界解析与链路恢复,帧间时序错误包断线和背压不拖垮控制,BSP-002;HAL-001,工业应用,待实施
COM-002,P2,M4,工业通信,按产品启用CAN或CANopen,总线错误bus-off恢复和资源预算验证,BSP-004;COM-001,工业应用,按产品选择
COM-003,P2,M4,设备联网,Ethernet或外置网络与MQTT适配,TLS与重连独立资源预算且控制时序保持,HIL-002;SEC-001,工业应用,按产品选择
SEC-001,P0,M3-M4,安全基础,系统熵源受维护crypto与认证记录,熵失败nonce重用篡改错误key拒绝并支持格式迁移,CFG-001;CFG-002,内核接口,待实施
SEC-002,P1,M4-M5,安全更新,boot镜像认证与恢复升级,错板篡改断电回退和安全计数策略通过,SEC-001;HIL-003,工业应用,待选型容量
REL-002,P1,M4-M5,供应链,固件SBOM许可证依赖与Action锁定,实际链接组件可追溯且许可审核和摘要完备,REL-001,构建发布,待实施
REL-003,P1,M5-M6,企业发布,同工件签名证据包灰度与兼容检查,候选到正式不重建且HIL和签名身份可校验,REL-002;SEC-002;BSP-004,构建发布,待实施
PROD-001,P1,M5-M6,制造,烧录校准唯一身份与工装追溯,设备可关联镜像配置boardrevision与校准结果,REL-003,工业应用,待实施
OBS-001,P1,M3-M5,诊断,buildid复位原因有界日志和crash,现场事件关联ELF且限流不破坏控制,HIL-002;APP-001,工业应用,待实施
GOV-001,P1,M1,协作,需求ADRPR角色与风险分级工作流,真实owner及副owner承接任务且证据随PR,,技术负责人,方案完成待团队落实
MET-001,P2,M1-M6,管理指标,构建flake交付缺陷与现场结果基线,指标有数据口径且不以代码行数考核,CI-001;HIL-001,质量验证,待采集
LTS-001,P2,M6以后,生命周期,企业支持与LTS窗口决策,补丁owner预算回归池EOL与现场证据已落实,REL-003;PROD-001;OBS-001,技术负责人,未承诺
