task_id,batch,priority,area,task,depends_on,primary_role,review_roles,deliverables,software_exit,hardware_exit,status,legacy_rf_refs,implementation_paths,evidence_paths,software_status,hardware_status
NG-001,B0,P0,architecture,冻结第一性原理契约与范围,,TL,K1;B1;I1;Q1;R1,ADR;架构蓝图;接入/工程契约,默认静态模型与managed边界一致;所有能力区分planned/implemented/qualified;冻结EXTI边沿/PWM/ADC单次scan/IWDG首发模式及deferred扩展,不适用;不以设计计硬件资格,implemented,RF-ARC-01,docs/design/next-generation-platform.md;docs/design/integration-contracts.md;docs/delivery/architecture.md,docs/delivery/architecture.md;docs/delivery/support.md,qualification_record_authority,not_applicable
NG-002,B0,P0,measurement,定义最小workload与资源/时序预算schema,NG-001,Q1,TL;K2;B1;B2,最小GPIO/UART/SPI workload;成本口径;预算schema,真实基线输入和工具/配置/产物可绑定;不能以旧完整Board镜像代替最小成本,cycles/IRQ/端到端预算在真实station校准;当前未执行,implemented,RF-BAS-01;RF-HIL-03,tools/measurement/compare.py;tools/measurement/resources.py;tools/measurement/workload.c,build/measurement-qiming-v3/matrix.json;build/measurement-sky-v1/matrix.json;build/measurement-liangshan-v5/matrix.json,qualification_record_authority,not_executed
NG-003,B1,P0,tooling,锁定正式工具环境与唯一dev入口,NG-001,R1,K1;Q1,工具/源依赖锁;OCI环境;薄dev入口;基础formatter/warning/local checks,fresh checkout用同一入口configure/build/test;原生命令与退出码保留;首个owned切片即执行格式与基础warning门禁;使用根.clang-format/.editorconfig现有80列风格而非另起配置,不适用,implemented,RF-BLD-01;RF-CI-01,tools/dev/dev.py;tools/dev/Dockerfile;dependencies/environment.lock.json;scripts/setup/install_dev_tools.py,dependencies/environment.lock.json;tools/dev/dev.py doctor;Git hooks/style gate,qualification_record_authority,not_applicable
NG-004,B1,P0,configuration,实现SoC/Board/assembly到单resolved校验,NG-001;NG-003,R1,B1;B2;K1;Q1,schema;窄resolver;负配置用例;原子生成,未知键/非法模式/资源冲突/失效输入真实拒绝;CMake代码依赖仍唯一权威,资料与实际PCB一致性待实板,implemented,RF-BRD-01;RF-BLD-01,tools/configure/configure.py;soc/*/soc.json;soc/*/routes.json;boards/*/board.json,tests/contracts:contract_configuration_rejection;tools/configure/test_configure.py,qualification_record_authority,not_executed
NG-005,B1,P0,build,实现静态绑定与最小firmware target,NG-004,R1,K1;B1;B2,配置头;binding C;linker输入;显式targets,两SoC最小bootstrap链接ELF含正确startup/vector/ABI;不冒充完整clock/rollback;生成器不生成业务或软件依赖图;最小Flash LOAD/RAM/MSP报告与预算比较,启动时序和电气待实板,implemented,RF-BLD-01;RF-BLD-02,tools/configure/bindings.py;cmake/platform/Firmware.cmake;CMakeLists.txt,six ARM preset ELF/BIN/map/resource reports;tests/contracts/*_assembly,qualification_record_authority,not_executed
NG-006,B1,P1,sdk,定义外部源码SDK消费与依赖锁合同,NG-003;NG-005,R1,I1;Q1,源码package入口;输入/许可manifest;外部consumer,独立移动路径consumer真实build/run/link;dirty包标不可发布,不适用;包消费不构成硬件资格,implemented,RF-SDK-01;RF-SDK-02,cmake/package/package_source_sdk.py;cmake/package/NexusConfig.cmake.in;tests/contracts/test_source_sdk.py,tests/contracts/test_source_sdk.py;clean SDK relocated consumer pending,qualification_record_authority,not_applicable
NG-007,B2,P0,arch,实现最小Cortex-M4原语与monotonic时间合同,NG-005,K1,K2;B1;B2;Q1,异常/临界区/atomic边界;cycle snapshot;时钟域,保存恢复incoming mask;时间wrap/clock变化语义;无假时钟/未审屏障删除,测量mask/cycle开销;timer精度;IRQ抢占,implemented,RF-ARC-01;RF-OS-01,arch/include/nexus/arch/arch.h;arch/cortex_m/nx_arch_cortex_m.c;core/src/time.c,tests/contracts/core_contract_test.c;tests/google/arch_cortex_test.cpp;tests/google/arch_native_test.cpp;tests/google/gd32_arch_test.cpp;tests/contracts/gd32_system_test.c;tests/contracts/stm32_model,qualification_record_authority,not_executed
NG-008,B2,P0,soc,接入STM32F407精确variant基础设施,NG-007,B1,K1;Q2,VE/ZG memory/clock/IRQ/startup;私有SDK;失败回滚,精确density/ABI输入闭合;真实ELF;partial-init故障可回滚或保留责任,复位/clock/Flash density/safe-output资格,implemented,RF-BOOT-01;RF-FIX-01;RF-FIX-02,soc/stm32f407/system.c;soc/stm32f407/soc.json;soc/stm32f407/CMakeLists.txt,tests/contracts/stm32_io_test.c;tests/contracts/stm32_model;tests/contracts/stm32_assembly,qualification_record_authority,not_executed
NG-009,B2,P0,soc,接入GD32F470ZG基础设施,NG-007,B2,K1;Q2,memory/clock/IRQ/startup;官方SDK lock;失败回滚,真实ELF;精确芯片模式;时钟/IRQ/reset错误可诊断,复位/clock/Flash density/safe-output资格,implemented,RF-BRD-02,soc/gd32f470/system.c;soc/gd32f470/timebase.c;soc/gd32f470/soc.json;vendors/gigadevice/gd32f4xx/source.lock.json,tests/contracts/gd32_system_test.c;tests/contracts/gd32_io_test.c;tests/contracts/gd32_assembly,qualification_record_authority,not_executed
NG-010,B2,P0,board,重建三首发Board只读资源包,NG-004;NG-008;NG-009,B1;B2,Q2;R1,三Board facts/provenance;特殊电气hook;输入摘要,同SoC已审路线换板无需修改controller;声明与实际操作一致;未知PCB/route显式,实际PCB/晶振/接线/初值复核;当前未执行,implemented,RF-BRD-01;RF-HIL-01,boards/stm32f407_qiming_v31/board.json;boards/stm32f407ve_sky_qingchun/board.json;boards/gd32f470_liangshan/board.json,boards/*/README.md;tools/hil/fixtures;unknown PCB remains explicit,qualification_record_authority,not_executed
NG-011,B2,P0,gpio,实现固定typed GPIO与授权mask批量操作,NG-010,K1,B1;B2;Q1,固定GPIO合同;SoC实现;Native模型;batch,热路径无注册/字符串/通用ref/OS锁;原子set/reset;停机quiescence前提明确;mask子集与set/reset重叠拒绝;toggle/read语义;首切片map/预算比较,GPIO波形/复位初值/并发电气;批量cycles,implemented,RF-HAL-01;RF-FIX-02,io/include/nexus/io/gpio.h;soc/*/drivers/gpio.c;io/native/gpio.c,tests/contracts/native_io_test.c;tests/contracts/stm32_io_test.c;tests/contracts/gd32_io_test.c;actual resource matrices,qualification_record_authority,not_executed
NG-012,B3,P0,request,实现caller-owned请求规则与通知port,NG-007;NG-011,K2,K1;Q1;I1,admission/borrow/deadline/result合同;必要state helper,REJECTED零借用;单owner取消/跨任务token寿命;全链唯一admission;SETTLED最后访问;wait进展/arm-recheck;必要最小竞态回归在首个切片执行;共享client不service;stop期间执行者持续drain后才join,真实IRQ/DMA drain证明在各provider验收,implemented,RF-HAL-01;RF-OS-01,core/include/nexus/core/request.h;core/src/request.c;os/wait.c,tests/contracts/core_contract_test.c;tests/contracts/components_owner.c,qualification_record_authority,not_executed
NG-013,B3,P0,uart,重建STM32 UART IRQ与接收profile,NG-008;NG-012,B1,K2;I1;Q2,直接typed UART;byte/event profile;按实例storage,真实IRQ实现编译;partial start/cancel/late IRQ/通知丢失模型;无闲置DMA/legacy池,TC/abort/RX丢失/时间精度/吞吐;未执行,implemented,RF-HAL-02;RF-FIX-03;RF-HIL-02,soc/stm32f407/drivers/uart.c;io/include/nexus/io/uart.h,tests/contracts/stm32_io_test.c;tests/contracts/stm32_model;actual ARM presets,qualification_record_authority,not_executed
NG-014,B3,P0,uart,重建GD32 UART IRQ与接收profile,NG-009;NG-012,B2,K2;I1;Q2,直接typed UART;byte/event profile;按实例storage,错误/取消/TC合同与STM公共行为一致;能力差异显式,TC/abort/RX丢失/时间精度/吞吐;未执行,implemented,RF-BRD-02;RF-HIL-02,soc/gd32f470/drivers/uart.c;io/include/nexus/io/uart.h,tests/contracts/gd32_io_test.c;contract_gd32_io;actual ARM preset,qualification_record_authority,not_executed
NG-015,B3,P0,spi,实现单总线执行者与SPI真实执行模式,NG-010;NG-012,B1;B2,K2;I2;Q2,静态endpoint;短polling;按需求IRQ/DMA;无固定copy池,一个wire-active;CS/config稳定;绝对deadline包含排队;service不伪异步,CS/clock/MISO/DMA abort/drain;只对实测模式资格化,implemented,RF-HAL-01;RF-HAL-04;RF-HIL-02,soc/*/drivers/spi.c;components/bus_owner/src/spi_owner.c;io/native/spi.c,tests/contracts/components_spi.c;tests/contracts/*_io_test.c;tests/contracts/*_assembly/*spi.json,qualification_record_authority,not_executed
NG-016,B3,P1,i2c,实现明确范围的MCU I2C provider,NG-010;NG-012,B1;B2,K2;I2;Q2,I2C endpoint;reviewed routes;transaction/STOP/recovery,ACK/NACK/STOP/repeated START/故障范围明确;实际ARM链接;无成功stub,真实连线/总线挂死/recovery/波形;未执行,implemented,RF-HAL-03;RF-HIL-02,soc/*/drivers/i2c.c;tools/configure/*_bindings.py;io/native/i2c.c,tests/contracts/*_io_test.c;tests/contracts/*_assembly/*i2c.json,qualification_record_authority,not_executed
NG-017,B3,P0,flash,重建全物理Flash与受限region接口,NG-008;NG-009;NG-012,K2,B1;B2;I2;Q2,精确几何;region端口;脉冲deadline/错误合同,范围/overflow/erase alignment拒绝;不预留产品区;结束前硬件不再访问,erase/program/功耗电压/掉电;未执行,implemented,RF-FLS-01;RF-FLS-02;RF-FLS-03,soc/*/drivers/flash.c;io/src/flash_region.c;io/include/nexus/io/flash.h,tests/contracts/*_io_test.c;tests/contracts/components_flash_storage.c;tests/contracts/components_storage.c,qualification_record_authority,not_executed
NG-018,B3,P1,watchdog,实现watchdog与reset-cause垂直合同,NG-010;NG-012,B1;B2,K1;I2;Q2,IWDG配置/feed/reset cause;真实SoC实现;Native模型,两个SoC真实provider和ELF;范围/时钟/调试冻结语义;产品feed政策留外部;启用不可逆/已有状态/启动失败的remaining-effect正确记录,真实超时复位/调试冻结/上电reset cause;未执行,implemented,RF-ARC-01;RF-HIL-02;RF-HIL-03,soc/*/drivers/watchdog.c;io/native/watchdog.c;io/include/nexus/io/watchdog.h,tests/contracts/*_io_test.c;contract_gd32_watchdog-late-failure;contract_gd32_watchdog-hardware-enabled,qualification_record_authority,not_executed
NG-031,B3,P1,exti,实现静态EXTI line与共享vector事件,NG-010;NG-011;NG-012,B1;B2,K1;Q1;Q2,reviewed line/edge;共享vector;有界事件;停止合同,真实SoC provider/ELF;重复line拒绝;事件溢出/排序/stop排空;未实现模式拒绝,真实edge/去抖策略边界/优先级/丢失与排空;未执行,implemented,RF-HAL-01;RF-HIL-02,soc/*/drivers/exti.c;io/include/nexus/io/exti.h;io/native/exti.c,tests/contracts/*_io_test.c;tests/contracts/*_assembly/*exti.json,qualification_record_authority,not_executed
NG-032,B3,P1,timer,实现固定timer时基与PWM输出,NG-007;NG-010;NG-012,B1;B2,K1;I2;Q2,选定timer/channel;period/duty;电气初值;后续capture/trigger资源边界,首发固定timer/PWM真实provider/ELF;overflow/range/原子更新;timebase冲突拒绝;共享PSC/ARR/base mode与0/100pct/shadow更新明确;capture/advanced模式另立项不计首发退出,真实周期/占空比/停止输出;首发模式未执行;capture/advanced另验收,implemented,RF-HAL-01;RF-HIL-02;RF-HIL-03,soc/*/drivers/timer.c;io/include/nexus/io/timer.h;io/native/timer.c,tests/contracts/*_io_test.c;tests/contracts/*_assembly/*pwm.json,qualification_record_authority,not_executed
NG-033,B3,P1,adc,实现ADC单次与低速scan,NG-010;NG-012;NG-032,B1;B2,K2;I2;Q2,reviewed ADC channel/sequence;选定采样模式;校准;buffer合同,首发single-shot/低速scan真实provider/ELF;样本格式/range/overflow;未选模式不驻留;参考电压/计数/sample time/超时输出有效性明确;trigger/DMA/block合同另立项不计首发退出,首发真实计数/精度/采样率/超时;未执行;高频trigger/DMA/block独立验收,implemented,RF-HAL-01;RF-HIL-02;RF-HIL-03,soc/*/drivers/adc.c;io/include/nexus/io/adc.h;io/native/adc.c,tests/contracts/*_io_test.c;tests/contracts/*_assembly/*adc*.json,qualification_record_authority,not_executed
NG-019,B4,P0,os,实现薄wait/wake与逐对象静态OS storage,NG-007;NG-012,K1,K2;Q1;R1,裸机/FreeRTOS/Native能力;静态task/queue参数,不强制driver依赖OS;无统一最大池;delete/join回收时点正确;ISR ceiling拒绝,真实scheduler/IRQ wake/stack/FPU;未执行,implemented,RF-OS-01;RF-OS-02,os/baremetal/notify.c;os/native/native.c;os/freertos/freertos.c;os/README.md,tests/contracts/os_wait.c;tests/contracts/os_freertos_runtime;build/ng-agent-cmake/evidence/freertos-100-fresh-processes.log,qualification_record_authority,not_executed
NG-020,B4,P1,integration,实现有界多producer适配与总线owner样例,NG-015;NG-019,I1,K2;Q1,显式queue/service adapter;可选callback adapter,无隐藏worker;adapter已admit后start失败仍有归属;旧cancel不命中新epoch;SETTLED后通知不访问request;唯一owner等待仍drain;通知满/丢失无lost-wake;client等待不接管执行;producer等待SETTLED时stop不死锁;wake发布者退出后才回收通知storage,最长service间隔/负载队列/公平性按产品实测,implemented,RF-HAL-02;RF-CMP-01,components/bus_owner/src/bus_owner.c;components/bus_owner/src/uart_owner.c;components/bus_owner/src/spi_owner.c,tests/contracts/components_owner.c;tests/contracts/components_uart.c;tests/contracts/components_spi.c,qualification_record_authority,not_executed
NG-021,B4,P1,devices,实现一个可复用外部器件driver垂直切片,NG-015;NG-020,I2,B1;B2;Q1,一个SPI器件的core/transport;外部composition;I2C器件按实际需要另选,无Board pin/默认任务;chip-ID/解析/失败/请求寿命正确;无未reviewed route假支持,连接/波形/测量误差/长期负载;未执行,implemented,RF-CMP-01,components/bmp280/src/bmp280.c;components/bmp280/src/spi_transport.c,tests/contracts/components_bmp280.c;tests/contracts/components_spi.c,qualification_record_authority,not_executed
NG-022,B4,P1,components,重建通用协议/存储/日志窄端口边界,NG-017;NG-019;NG-020,I1;I2,K2;Q1,实际选入组件core和adapter;删除默认worker与全局发现,协议与OS/Board解耦;格式/恢复正确;错误可释放;未用组件不驻留,wire timing/持久化掉电/负载按组件资格,implemented,RF-HAL-02;RF-CMP-01;RF-FIX-04;RF-FIX-05,components/modbus;components/storage;components/log;components/README.md,tests/contracts/components_modbus.c;tests/contracts/components_storage.c;tests/contracts/components_log.c,qualification_record_authority,not_executed
NG-023,B4,P0,examples,迁移三Board裸机/FreeRTOS外部examples,NG-006;NG-013;NG-014;NG-019,I1,I2;R1;Q1,六基础firmware配置;SDK pin/callers;说明,真实外部build/Native运行/六基础ARM ELF;功能仅按支持route扩展,实物启动/UART及选择用例;未执行,implemented,RF-EX-01;RF-BLD-02,X-Gen-Lab/nexus-examples:assemblies;X-Gen-Lab/nexus-examples:apps;X-Gen-Lab/nexus-examples:scripts,external build/nextgen-development/native/ctest-results.xml;external build/nextgen-development/arm-development.json;clean pin pending,qualification_record_authority,not_executed
NG-024,B5,P0,engineering,扩展本地/PR/nightly风险门禁与证据,NG-003;NG-004;NG-012,R1,TL;K1;Q1,精选analyzer;现有Doxygen合同模板;完整CI风险矩阵;既有formatter/warning门禁扩展;格式目录和入口一致,owned warning阻断;public/private隔离;不以路径过滤漏高风险;失效报告拒绝;新旧owned目录均纳入相同格式范围;反斜杠Doxygen/文件头/header-source分工复核;第三方排除,不适用,implemented,RF-CI-01;RF-REL-02,scripts/ci/style_gate.py;scripts/ci/quality_tools.py;.github/workflows;Doxyfile;docs/sphinx,whole-file format/comments;compile_commands analyzer;actual Doxygen/Sphinx;CI workflow tests,qualification_record_authority,not_applicable
NG-025,B5,P0,verification,建立新契约故障/并发/边界回归,NG-012;NG-013;NG-014;NG-015;NG-017;NG-019;NG-018;NG-031;NG-032;NG-033;NG-016;NG-021;NG-022,Q1,K2;B1;B2,host/model/fuzz;sanitizer;边界和late-event用例,非零真实执行;partial start/abort失败/timeout/notification满/stop竞争;失败不释放借用,模型不升格硬件;具体物理项在HIL,implemented,RF-BAS-01;RF-HIL-03,tests/contracts;tests/contracts/os_freertos_runtime;tests/contracts/stm32_model;tests/contracts/gd32_model,actual Native/model CTest and sanitizer JUnit;tools unit suites,qualification_record_authority,not_executed
NG-026,B5,P0,performance,实现ELF资源预算与受控benchmark工具,NG-002;NG-011;NG-023;NG-018;NG-031;NG-032;NG-033;NG-016;NG-021;NG-022,Q1;R1,K1;B1;B2,资源schema报告;最小image delta;O2/Os/O3/LTO比较,静态预算越界真实阻断;stack/instruction与cycles分开;同artifact身份,专用station测cycles/latency/high-water/丢失/负载;未执行,implemented,RF-HIL-03;RF-BLD-02,tools/measurement/resources.py;tools/measurement/compare.py;tools/schemas/resource-budget.schema.json,60 actual O2/Os/O3 with/without LTO images;18 GC checks;tests/contracts/test_measurement_*.py,qualification_record_authority,not_executed
NG-027,B5,P0,hil,重建HIL准入与三Board工装准备,NG-010;NG-023;NG-026,Q2,B1;B2;R1,station/fixture/probe/serial工具;raw evidence schema,错Board/ELF/config/空station真实拒绝;软件工具准备完成;不执行未接入设备,真实probe/刷写/读回/waveform/断电/负载需接入后验收,implemented,RF-HIL-01;RF-HIL-02;RF-HIL-03,tools/hil/admit.py;tools/hil/fixtures;tests/contracts/test_hil_admission.py,tests/contracts/test_hil_admission.py;three fixtures;incomplete station rejection;physical not executed,qualification_record_authority,not_executed
NG-028,B5,P1,reproducibility,独立验收hermetic与可复现构建,NG-003;NG-006;NG-024,R1,Q1;TL,离线正式build;路径归一;独立clean rebuild比较,网络关闭与声明输入边界;双clean ELF/BIN确定性比较;不把hash称可复现,不适用,implemented,RF-SDK-02;RF-REL-01,tools/evidence/container.py;tools/evidence/reproduce.py;tests/contracts/test_repro_execution.py,tools/evidence/reproduce.py;delivery bundle/reproducibility*.json;two offline source SDK builds,qualification_record_authority,not_applicable
NG-029,B6,P0,migration,删除旧运行架构并原子迁移消费路径,NG-023;NG-024;NG-025;NG-026,TL;K1,I1;B1;B2;R1;Q1,旧API/targets/scripts/docs清理;源码迁移说明,无长期双注册/对象/OS队列/配置入口;外部pin一致;持久化迁移另立合同,已部署产品需独立迁移/恢复与物理回归,implemented,RF-HAL-01;RF-HAL-02;RF-ARC-01,docs/delivery/migration.md;CMakeLists.txt;tools/configure;docs/archive,current target/include/script graph;docs/archive;external caller migration development builds,qualification_record_authority,not_applicable
NG-030,B6,P0,delivery,封存新软件候选及精确支持证据,NG-006;NG-023;NG-025;NG-026;NG-027;NG-028;NG-029;NG-018;NG-031;NG-032;NG-033,R1;Q1,TL;Q2;I1,source/config/tool/dependency/ELF包;支持tuple;known limits,当前完整源码资格;源码SDK干净外部消费;同hash候选;软件/物理资格分列,实板资格与产品release promotion另验收;当前未执行,implemented,RF-REL-01;RF-REL-02,tools/evidence/candidate.py;tools/evidence/proof.py;tools/evidence/qualification.py;docs/delivery/qualification.md,tools/evidence/candidate.py;delivery bundle/candidate/candidate.json;six actual qualification scopes,qualification_record_authority,not_applicable
