task_id,priority,task,implementation_paths,evidence_paths,implementation_status,software_status,hardware_status,qualification_authority
OS01,P1,Finite deadline under continuous unrelated wake,os/baremetal/notify.c;os/native/native.c;os/freertos/freertos.c,tests/google/os_wait_test.cpp;tests/google/freertos_context_test.cpp,implemented,development_passed,not_applicable,fresh exact source/SDK/ELF evidence; physical requires admitted equipment records
OS02,P1,Final observed completion wins timeout competition,os/wait.c;os/include/nexus/os/wait.h,tests/google/os_wait_test.cpp,implemented,development_passed,not_applicable,fresh exact source/SDK/ELF evidence; physical requires admitted equipment records
OS03,P1,Unified wait deadline/error/context contract,os/include/nexus/os/wait.h;docs/design/os-contracts.md,tests/google/os_wait_test.cpp,implemented,development_passed,not_applicable,fresh exact source/SDK/ELF evidence; physical requires admitted equipment records
OS04,P1,Actual port startup stack minimum and alignment,os/freertos/freertos.c;tools/configure/kernel.py,tests/google/freertos_context_test.cpp;tools/configure/test_kernel.py,implemented,pending_exact_head_qualification,not_applicable,fresh exact source/SDK/ELF evidence; physical requires admitted equipment records
OS05,P1,Task rejection before object mutation/kernel entry,os/freertos/freertos.c;os/freertos/include/nexus/os/freertos.h,tests/google/freertos_context_test.cpp,implemented,pending_exact_head_qualification,not_applicable,fresh exact source/SDK/ELF evidence; physical requires admitted equipment records
OS06,P1,Baseline complete IRQ wake binding,io/src/wake.c;io/native/uart.c,tests/google/wake_test.cpp;tests/google/irq_wake_test.cpp;tests/google/irq_wake_stm32_test.cpp;tests/google/irq_wake_gd32_test.cpp,implemented,development_passed,not_executed,fresh exact source/SDK/ELF evidence; physical requires admitted equipment records
OS07,P1,Explicit NONE/PRIMASK/BASEPRI kernel policy,io/include/nexus/io/wake.h;io/src/wake.c;tools/configure/kernel.py,tests/google/wake_test.cpp;tools/configure/test_kernel.py,implemented,development_passed,not_executed,fresh exact source/SDK/ELF evidence; physical requires admitted equipment records
OS08,P1,SysTick exact clock/rate/reload validation,tools/configure/kernel.py;os/freertos/include/FreeRTOSConfig.h,tools/configure/test_kernel.py;scripts/ci/os_profiles.py,implemented,pending_exact_head_qualification,not_applicable,fresh exact source/SDK/ELF evidence; physical requires admitted equipment records
OS09,P1,External Tick strong setup hook,os/freertos/tick.c;os/freertos/include/nexus/os/tick.h,scripts/ci/os_profiles.py,implemented,pending_exact_head_qualification,not_applicable,fresh exact source/SDK/ELF evidence; physical requires admitted equipment records
OS10,P2,Notification publisher/waiter lifecycle,os/include/nexus/os/wait.h;os/native/include/nexus/os/native.h;docs/design/os-contracts.md,tests/google/os_wait_test.cpp,implemented,development_passed,not_applicable,fresh exact source/SDK/ELF evidence; physical requires admitted equipment records
OS11,P2,Single lifecycle owner and single joiner,os/native/include/nexus/os/native.h;os/freertos/include/nexus/os/freertos.h,tests/google/os_wait_test.cpp;tests/contracts/os_freertos_runtime,implemented,pending_exact_head_qualification,not_applicable,fresh exact source/SDK/ELF evidence; physical requires admitted equipment records
OS12,P2,Native external cancellation/detach exclusion,os/native/include/nexus/os/native.h;docs/design/os-contracts.md,tests/google/os_wait_test.cpp,implemented,development_passed,not_applicable,fresh exact source/SDK/ELF evidence; physical requires admitted equipment records
OS13,P2,Explicit queue close/drain/destroy,os/freertos/include/nexus/os/freertos.h;os/freertos/freertos.c;os/native/native.c,tests/contracts/os_freertos_runtime;tests/google/freertos_context_test.cpp,implemented,pending_exact_head_qualification,not_applicable,fresh exact source/SDK/ELF evidence; physical requires admitted equipment records
OS14,P2,Queue absolute deadlines without repeated relative extension,os/freertos/freertos.c;os/native/native.c,tests/google/freertos_context_test.cpp;tests/google/os_wait_test.cpp,implemented,pending_exact_head_qualification,not_applicable,fresh exact source/SDK/ELF evidence; physical requires admitted equipment records
OS15,P2,Owner progresses during producer stop/drain/join,components/bus_owner/src/bus_owner.c;X-Gen-Lab/nexus-examples/apps/uart_owner_runtime,X-Gen-Lab/nexus-examples/tests/owner_lifecycle_test.cpp,implemented,development_passed,not_applicable,fresh exact source/SDK/ELF evidence; physical requires admitted equipment records
OS16,P2,SETTLED distinct from notification reclamation,docs/design/os-contracts.md;os/include/nexus/os/wait.h,tests/google/os_wait_test.cpp;X-Gen-Lab/nexus-examples/tests/owner_lifecycle_test.cpp,implemented,development_passed,not_applicable,fresh exact source/SDK/ELF evidence; physical requires admitted equipment records
OS17,P2,Error ownership and recovery obligations,docs/design/os-contracts.md;docs/delivery/os.md,X-Gen-Lab/nexus-examples/tests/owner_lifecycle_test.cpp,implemented,development_passed,not_applicable,fresh exact source/SDK/ELF evidence; physical requires admitted equipment records
OS18,P2,Maintained OS profiles and immutable IR,tools/configure/kernel.py;tools/configure/ir.py;tools/configure/runtime.py,tools/configure/test_kernel.py;scripts/ci/os_profiles.py,implemented,pending_exact_head_qualification,not_applicable,fresh exact source/SDK/ELF evidence; physical requires admitted equipment records
OS19,P2,Separate CPU/IRQ facts from kernel policy,tools/configure/kernel.py;tools/configure/cpu.py,tools/configure/test_kernel.py,implemented,pending_exact_head_qualification,not_applicable,fresh exact source/SDK/ELF evidence; physical requires admitted equipment records
OS20,P2,Optional kernel capability pruning,os/freertos/include/FreeRTOSConfig.h;tools/configure/kernel.py,scripts/ci/os_profiles.py,implemented,pending_exact_head_qualification,not_applicable,fresh exact source/SDK/ELF evidence; physical requires admitted equipment records
OS21,P2,Explicit Idle stack and task name budgets,tools/configure/kernel.py;os/freertos/hooks.c,tools/configure/test_kernel.py;scripts/ci/os_profiles.py,implemented,pending_exact_head_qualification,not_applicable,fresh exact source/SDK/ELF evidence; physical requires admitted equipment records
OS22,P2,Direct task notification optional adapter,os/freertos/freertos.c;os/freertos/include/nexus/os/freertos.h,tests/google/freertos_context_test.cpp;tests/contracts/os_freertos_runtime,implemented,pending_exact_head_qualification,not_applicable,fresh exact source/SDK/ELF evidence; physical requires admitted equipment records
OS23,P2,Permanent task without join semaphore,os/freertos/freertos.c;os/freertos/include/nexus/os/freertos.h,tests/google/freertos_context_test.cpp;tests/contracts/os_freertos_runtime,implemented,pending_exact_head_qualification,not_applicable,fresh exact source/SDK/ELF evidence; physical requires admitted equipment records
OS24,P2,Measure shared wait table before ABI change,scripts/ci/os_wait_cost.py;tests/contracts/os_wait_cost,scripts/ci/test_os_wait_cost.py,implemented,development_passed,not_applicable,fresh exact source/SDK/ELF evidence; physical requires admitted equipment records
OS25,P2,Stable operation descriptors rather than payload copy,components/bus_owner/include/nexus/components/bus_owner.h;X-Gen-Lab/nexus-examples/apps/uart_owner_runtime,X-Gen-Lab/nexus-examples/tests/owner_lifecycle_test.cpp,implemented,development_passed,not_applicable,fresh exact source/SDK/ELF evidence; physical requires admitted equipment records
OS26,P2,Actual OS object and linked image cost report,scripts/ci/os_resources.py;scripts/ci/os_profiles.py;scripts/ci/os_wait_cost.py,tests/contracts/os_wait_cost;scripts/ci/test_os_resources.py,implemented,pending_exact_head_qualification,not_executed,fresh exact source/SDK/ELF evidence; physical requires admitted equipment records
OS27,P2,Hot path instruction costs and measurement definitions,scripts/ci/os_resources.py;scripts/ci/os_wait_cost.py;tools/hil/os_acceptance.py,tools/testing/test_os_acceptance.py;scripts/ci/test_os_resources.py,implemented,development_passed,not_executed,fresh exact source/SDK/ELF evidence; physical requires admitted equipment records
OS28,P1,Deadline GoogleTest/GoogleMock regression,tests/google/os_wait_test.cpp;tests/google/freertos_context_test.cpp,tests/google/os_wait_test.cpp,implemented,development_passed,not_applicable,fresh exact source/SDK/ELF evidence; physical requires admitted equipment records
OS29,P1,Startup stack/alignment/zero-effect regression,tests/google/freertos_context_test.cpp;tools/configure/test_kernel.py,tests/google/freertos_context_test.cpp,implemented,pending_exact_head_qualification,not_applicable,fresh exact source/SDK/ELF evidence; physical requires admitted equipment records
OS30,P1,Baseline facts to provider wake regression,tests/google/wake_test.cpp;tests/google/irq_wake_test.cpp;tests/google/irq_wake_stm32_test.cpp;tests/google/irq_wake_gd32_test.cpp,tests/google/wake_test.cpp,implemented,development_passed,not_applicable,fresh exact source/SDK/ELF evidence; physical requires admitted equipment records
OS31,P2,Deterministic wait races and publisher isolation,tests/google/os_wait_test.cpp;tests/google/freertos_context_test.cpp,tests/google/os_wait_test.cpp,implemented,development_passed,not_applicable,fresh exact source/SDK/ELF evidence; physical requires admitted equipment records
OS32,P2,Queue close broadcast and drain regression,tests/contracts/os_freertos_runtime;tests/google/freertos_context_test.cpp,tests/contracts/os_freertos_runtime,implemented,pending_exact_head_qualification,not_applicable,fresh exact source/SDK/ELF evidence; physical requires admitted equipment records
OS33,P2,Returning task timeout/reuse/storage regression,tests/contracts/os_freertos_runtime;tests/google/freertos_context_test.cpp,tests/contracts/os_freertos_runtime,implemented,pending_exact_head_qualification,not_applicable,fresh exact source/SDK/ELF evidence; physical requires admitted equipment records
OS34,P2,Controlled concurrency and sanitizer validation,tests/google/os_wait_test.cpp;X-Gen-Lab/nexus-examples/apps/uart_owner_runtime;docs/design/os-contracts.md,tests/google/os_wait_test.cpp;X-Gen-Lab/nexus-examples/tests/owner_lifecycle_test.cpp,implemented,pending_exact_head_qualification,not_applicable,fresh exact source/SDK/ELF evidence; physical requires admitted equipment records
OS35,P2,Profiles included in permanent CI and SDK checks,scripts/ci/os_profiles.py;.github/workflows,scripts/ci/os_profiles.py,implemented,pending_exact_head_qualification,not_applicable,fresh exact source/SDK/ELF evidence; physical requires admitted equipment records
OS36,P2,Actual pinned POSIX kernel lifecycle integration,tests/contracts/os_freertos_runtime,tests/contracts/os_freertos_runtime,implemented,pending_exact_head_qualification,not_applicable,fresh exact source/SDK/ELF evidence; physical requires admitted equipment records
OS37,P2,Current OS contracts and support boundaries,docs/design/os-contracts.md;docs/delivery/os.md;os/README.md;docs/sphinx/os.rst,docs/design/os-execution.csv,implemented,development_passed,not_applicable,fresh exact source/SDK/ELF evidence; physical requires admitted equipment records
OS38,P2,Kernel/port/overlay upgrade review workflow,docs/design/os-contracts.md;os/freertos/prepare_m7_integer.py;dependencies,os/freertos/test_m7_integer_overlay.py,implemented,pending_exact_head_qualification,not_applicable,fresh exact source/SDK/ELF evidence; physical requires admitted equipment records
OS39,P2,Backend acceptance contract and checklist,docs/design/os-contracts.md;docs/delivery/os.md;docs/design/os-backend-integration.md,tests/google/os_wait_test.cpp;tests/contracts/os_freertos_runtime;scripts/ci/os_backend_probe.py;scripts/ci/test_os_backend_probe.py,implemented,development_passed,not_applicable,fresh exact source/SDK/ELF evidence; physical requires admitted equipment records
OS40,P2,External multiproducer IRQ UART owner example,X-Gen-Lab/nexus-examples/apps/uart_owner_runtime,X-Gen-Lab/nexus-examples/tests/owner_lifecycle_test.cpp,implemented,development_passed,not_executed,fresh exact source/SDK/ELF evidence; physical requires admitted equipment records
OS41,P2,External admission/drain/join/reclaim example,X-Gen-Lab/nexus-examples/apps/uart_owner_runtime/lifecycle.c,X-Gen-Lab/nexus-examples/tests/owner_lifecycle_test.cpp,implemented,development_passed,not_applicable,fresh exact source/SDK/ELF evidence; physical requires admitted equipment records
OS42,P2,Bounded failure hooks with product-owned policy,os/freertos/hooks.c;docs/design/os-contracts.md,tools/hil/os_acceptance.py,implemented,pending_exact_head_qualification,not_executed,fresh exact source/SDK/ELF evidence; physical requires admitted equipment records
OS43,optional,CPU-local atomic shallow idle,arch/include/nexus/arch/sleep.h;arch/cortex_m/nx_arch_sleep.c,tests/google/arch_sleep_test.cpp,implemented,development_passed,not_executed,fresh exact source/SDK/ELF evidence; physical requires admitted equipment records
OS44,optional,Explicit FreeRTOS custom tickless timer port,os/freertos/lowpower.c;os/freertos/include/nexus/os/lowpower.h,tests/google/os_lowpower_test.cpp,implemented,development_passed,not_executed,fresh exact source/SDK/ELF evidence; physical requires admitted equipment records
OS45,optional,Caller-sized diagnostics and actual trace hooks,os/freertos/diagnostics.c;os/include/nexus/os/diagnostic.h;os/freertos/include/nexus/os/freertos_diagnostics.h,tests/google/os_diagnostic_test.cpp,implemented,development_passed,not_executed,fresh exact source/SDK/ELF evidence; physical requires admitted equipment records
OS46,optional,MPU user task kernel gateway,os/freertos/mpu;os/freertos/include/nexus/os/freertos_mpu.h;os/freertos/include/nexus/os/freertos_user.h,tests/google/freertos_mpu_test.cpp;scripts/ci/os_mpu.py;scripts/ci/test_os_mpu.py,implemented,development_passed,not_executed,fresh exact source/SDK/ELF evidence; physical requires admitted equipment records
OS47,optional,TrustZone cross-world task service,os/freertos/secure;os/freertos/include/nexus/os/secure_context.h;cmake/platform/Runtime.cmake,tests/google/os_secure_context_test.cpp;tests/contracts/os_secure_runtime;scripts/ci/os_secure_runtime.py;scripts/ci/test_os_secure_runtime.py,implemented,development_passed,not_executed,fresh exact source/SDK/ELF evidence; physical requires admitted equipment records
OS48,optional,Other RTOS backend admission contract,docs/design/os-backend-integration.md;scripts/ci/os_backend_probe.py;tests/contracts/os_backend_probe,scripts/ci/test_os_backend_probe.py;tests/google/os_wait_test.cpp,implemented_contract,no_additional_kernel_selected,not_applicable,fresh exact source/SDK/ELF evidence; physical requires admitted equipment records
OS49,physical,Actual IRQ to task wake latency,tools/hil/os_acceptance.py,tools/testing/test_os_acceptance.py,implemented_tooling,development_passed,not_executed,fresh exact source/SDK/ELF evidence; physical requires admitted equipment records
OS50,physical,Integer FP MVE register retention,tools/hil/os_acceptance.py,tools/testing/test_os_acceptance.py,implemented_tooling,development_passed,not_executed,fresh exact source/SDK/ELF evidence; physical requires admitted equipment records
OS51,physical,Task stack and exception MSP peaks,tools/hil/os_acceptance.py,tools/testing/test_os_acceptance.py,implemented_tooling,development_passed,not_executed,fresh exact source/SDK/ELF evidence; physical requires admitted equipment records
OS52,physical,Tick frequency and deadline accuracy,tools/hil/os_acceptance.py,tools/testing/test_os_acceptance.py,implemented_tooling,development_passed,not_executed,fresh exact source/SDK/ELF evidence; physical requires admitted equipment records
OS53,physical,Lifecycle full-load stress and borrow settlement,tools/hil/os_acceptance.py,tools/testing/test_os_acceptance.py,implemented_tooling,development_passed,not_executed,fresh exact source/SDK/ELF evidence; physical requires admitted equipment records
OS54,physical,Low-power restore clock/events,tools/hil/os_acceptance.py,tools/testing/test_os_acceptance.py,implemented_tooling,development_passed,not_executed,fresh exact source/SDK/ELF evidence; physical requires admitted equipment records
OS55,physical,Observed assert/overflow safe output,tools/hil/os_acceptance.py,tools/testing/test_os_acceptance.py,implemented_tooling,development_passed,not_executed,fresh exact source/SDK/ELF evidence; physical requires admitted equipment records
